{"cameraMode":{"drawMode":0,"name":"Shaded","section":"Shading Mode"},"sceneLighting":true,"audioPlay":false,"sceneViewState":{"showFog":true,"showMaterialUpdate":false,"showSkybox":true,"showFlares":true,"showImageEffects":true,"showParticleSystems":true},"in2DMode":false,"pivot":{"x":-337.6373596191406,"y":-519.724853515625,"z":-85.1755142211914},"rotation":{"x":0.290280818939209,"y":-0.6961240172386169,"z":0.374721497297287,"w":0.5392671823501587},"size":630.4254760742188,"orthographic":false}