{"cameraMode":{"drawMode":0,"name":"Shaded","section":"Shading Mode"},"sceneLighting":true,"audioPlay":false,"sceneViewState":{"showFog":true,"showMaterialUpdate":false,"showSkybox":true,"showFlares":true,"showImageEffects":true,"showParticleSystems":true},"in2DMode":false,"pivot":{"x":106.34503173828125,"y":-76.8798599243164,"z":53.71527862548828},"rotation":{"x":0.23280593752861024,"y":0.5174193978309631,"z":-0.14872854948043824,"w":0.8099161982536316},"size":149.15322875976563,"orthographic":false}