{"cameraMode":{"drawMode":0,"name":"Shaded","section":"Shading Mode"},"sceneLighting":false,"audioPlay":false,"sceneViewState":{"showFog":true,"showMaterialUpdate":false,"showSkybox":false,"showFlares":true,"showImageEffects":true,"showParticleSystems":true},"in2DMode":false,"pivot":{"x":1.072019338607788,"y":-1.4768311977386475,"z":1.4104129076004029},"rotation":{"x":0.02157776616513729,"y":-0.46004724502563479,"z":0.011195233091711998,"w":0.887597382068634},"size":0.6845834255218506,"orthographic":false}