{"cameraMode":{"drawMode":0,"name":"Shaded","section":"Shading Mode"},"sceneLighting":false,"audioPlay":false,"sceneViewState":{"showFog":true,"showMaterialUpdate":false,"showSkybox":false,"showFlares":true,"showImageEffects":true,"showParticleSystems":true},"in2DMode":false,"pivot":{"x":1.4624422788619996,"y":-1.9400442838668824,"z":4.902890682220459},"rotation":{"x":-0.026244523003697397,"y":-0.18161311745643617,"z":-0.004840434994548559,"w":0.9830459952354431},"size":4.717235088348389,"orthographic":false}